{
  "average_rss": 0.024740465415211823,
  "length_scores": {
    "4": 0.019153747707605362,
    "5": 0.01089957170188427,
    "6": 0.0340416394174099,
    "7": 0.032723039388656616,
    "8": 0.04177010990679264,
    "9": 0.00785684585571289,
    "10": 0.034365925937891006,
    "11": -0.02048647031188011,
    "12": 0.029884833842515945,
    "13": 0.04951653443276882,
    "14": 0.04415975883603096,
    "15": 0.014880061149597168,
    "16": 0.02286045253276825
  }
}